キャプション,種類,提出回次,番号,議案件名,審議状況,経過情報,経過情報URL,本文情報,本文情報URL,議案種類,議案提出回次,議案番号,議案件名,議案提出者,衆議院予備審査議案受理年月日,衆議院予備付託年月日／衆議院予備付託委員会,衆議院議案受理年月日,衆議院付託年月日／衆議院付託委員会,衆議院審査終了年月日／衆議院審査結果,衆議院審議終了年月日／衆議院審議結果,衆議院審議時会派態度,衆議院審議時賛成会派,衆議院審議時反対会派,参議院予備審査議案受理年月日,参議院予備付託年月日／参議院予備付託委員会,参議院議案受理年月日,参議院付託年月日／参議院付託委員会,参議院審査終了年月日／参議院審査結果,参議院審議終了年月日／参議院審議結果,公布年月日／法律番号
衆法の一覧,,189,1,政党助成法を廃止する法律案,未了,経過,https://www.shugiin.go.jp/internet/itdb_gian.nsf/html/gian/keika/1DC49B6.htm,本文,https://www.shugiin.go.jp/internet/itdb_gian.nsf/html/gian/honbun/g18905001.htm,衆法,189,1,政党助成法を廃止する法律案,穀田　恵二君,,／,,／,／,／,,,,,／,,／,／,／,／
衆法の一覧,,189,10,放送法の一部を改正する法律案,未了,経過,https://www.shugiin.go.jp/internet/itdb_gian.nsf/html/gian/keika/1DC4B1A.htm,本文,https://www.shugiin.go.jp/internet/itdb_gian.nsf/html/gian/honbun/g18905010.htm,衆法,189,10,放送法の一部を改正する法律案,逢坂　誠二君外二名,,／,,平成29年 9月28日／総務,／審査未了,／,,,,,／,,／,／,／,／
衆法の一覧,,189,13,農業者戸別所得補償法案,未了,経過,https://www.shugiin.go.jp/internet/itdb_gian.nsf/html/gian/keika/1DC4A96.htm,本文,https://www.shugiin.go.jp/internet/itdb_gian.nsf/html/gian/honbun/g18905013.htm,衆法,189,13,農業者戸別所得補償法案,岸本　周平君外五名,,／,,平成29年 9月28日／農林水産,／審査未了,／,,,,,／,,／,／,／,／
衆法の一覧,,189,14,農地・水等共同活動の促進に関する法律案,未了,経過,https://www.shugiin.go.jp/internet/itdb_gian.nsf/html/gian/keika/1DC4A92.htm,本文,https://www.shugiin.go.jp/internet/itdb_gian.nsf/html/gian/honbun/g18905014.htm,衆法,189,14,農地・水等共同活動の促進に関する法律案,岸本　周平君外五名,,／,,平成29年 9月28日／農林水産,／審査未了,／,,,,,／,,／,／,／,／
衆法の一覧,,189,15,中山間地域その他の条件不利地域における農業生産活動の継続の促進に関する法律案,未了,経過,https://www.shugiin.go.jp/internet/itdb_gian.nsf/html/gian/keika/1DC4A8E.htm,本文,https://www.shugiin.go.jp/internet/itdb_gian.nsf/html/gian/honbun/g18905015.htm,衆法,189,15,中山間地域その他の条件不利地域における農業生産活動の継続の促進に関する法律案,岸本　周平君外五名,,／,,平成29年 9月28日／農林水産,／審査未了,／,,,,,／,,／,／,／,／
衆法の一覧,,189,16,環境保全型農業の促進を図るための交付金の交付に関する法律案,未了,経過,https://www.shugiin.go.jp/internet/itdb_gian.nsf/html/gian/keika/1DC4A8A.htm,本文,https://www.shugiin.go.jp/internet/itdb_gian.nsf/html/gian/honbun/g18905016.htm,衆法,189,16,環境保全型農業の促進を図るための交付金の交付に関する法律案,岸本　周平君外五名,,／,,平成29年 9月28日／農林水産,／審査未了,／,,,,,／,,／,／,／,／
衆法の一覧,,189,17,政治資金規正法の一部を改正する法律案,未了,経過,https://www.shugiin.go.jp/internet/itdb_gian.nsf/html/gian/keika/1DC49DA.htm,本文,https://www.shugiin.go.jp/internet/itdb_gian.nsf/html/gian/honbun/g18905017.htm,衆法,189,17,政治資金規正法の一部を改正する法律案,穀田　恵二君,,／,,／,／,／,,,,,／,,／,／,／,／
衆法の一覧,,189,19,国民経済及び国民生活に重大な影響を及ぼすおそれのある通商に係る交渉に関する情報の提供の促進に関する法律案,未了,経過,https://www.shugiin.go.jp/internet/itdb_gian.nsf/html/gian/keika/1DC4972.htm,本文,https://www.shugiin.go.jp/internet/itdb_gian.nsf/html/gian/honbun/g18905019.htm,衆法,189,19,国民経済及び国民生活に重大な影響を及ぼすおそれのある通商に係る交渉に関する情報の提供の促進に関する法律案,岸本　周平君外三名,,／,,平成29年 9月28日／内閣,／審査未了,／,,,,,／,,／,／,／,／
衆法の一覧,,189,30,原子力災害対策特別措置法の一部を改正する法律案,未了,経過,https://www.shugiin.go.jp/internet/itdb_gian.nsf/html/gian/keika/1DC4A52.htm,本文,https://www.shugiin.go.jp/internet/itdb_gian.nsf/html/gian/honbun/g18905030.htm,衆法,189,30,原子力災害対策特別措置法の一部を改正する法律案,田嶋　要君外三名,,／,,平成29年 9月28日／環境,／審査未了,／,,,,,／,,／,／,／,／
衆法の一覧,,189,31,歳入庁の設置による内国税並びに労働保険料及び年金保険料等の徴収に関する業務の効率化等の推進に関する法律案,未了,経過,https://www.shugiin.go.jp/internet/itdb_gian.nsf/html/gian/keika/1DC498A.htm,本文,https://www.shugiin.go.jp/internet/itdb_gian.nsf/html/gian/honbun/g18905031.htm,衆法,189,31,歳入庁の設置による内国税並びに労働保険料及び年金保険料等の徴収に関する業務の効率化等の推進に関する法律案,今井　雅人君外五名,,／,,平成29年 9月28日／内閣,／審査未了,／,,,,,／,,／,／,／,／
衆法の一覧,,189,32,国有林野事業に従事する職員の労働関係を円滑に調整するための行政執行法人の労働関係に関する法律の一部を改正する法律案,未了,経過,https://www.shugiin.go.jp/internet/itdb_gian.nsf/html/gian/keika/1DC4A86.htm,本文,https://www.shugiin.go.jp/internet/itdb_gian.nsf/html/gian/honbun/g18905032.htm,衆法,189,32,国有林野事業に従事する職員の労働関係を円滑に調整するための行政執行法人の労働関係に関する法律の一部を改正する法律案,岸本　周平君外五名,,／,,平成29年 9月28日／農林水産,／審査未了,／,,,,,／,,／,／,／,／
衆法の一覧,,189,33,国有林野事業に従事する職員の給与等に関する特例法案,未了,経過,https://www.shugiin.go.jp/internet/itdb_gian.nsf/html/gian/keika/1DC4A82.htm,本文,https://www.shugiin.go.jp/internet/itdb_gian.nsf/html/gian/honbun/g18905033.htm,衆法,189,33,国有林野事業に従事する職員の給与等に関する特例法案,岸本　周平君外五名,,／,,平成29年 9月28日／農林水産,／審査未了,／,,,,,／,,／,／,／,／
衆法の一覧,,189,34,公立義務教育諸学校の学級編制及び教職員定数の標準に関する法律の一部を改正する法律案,未了,経過,https://www.shugiin.go.jp/internet/itdb_gian.nsf/html/gian/keika/1DC4B7E.htm,本文,https://www.shugiin.go.jp/internet/itdb_gian.nsf/html/gian/honbun/g18905034.htm,衆法,189,34,公立義務教育諸学校の学級編制及び教職員定数の標準に関する法律の一部を改正する法律案,平野　博文君外二名,,／,,平成29年 9月28日／文部科学,／審査未了,／,,,,,／,,／,／,／,／
衆法の一覧,,190,3,国及び地方公共団体の責任ある財政運営の確保を図るための財政の健全化の推進に関する法律案,未了,経過,https://www.shugiin.go.jp/internet/itdb_gian.nsf/html/gian/keika/1DC4B2E.htm,本文,https://www.shugiin.go.jp/internet/itdb_gian.nsf/html/gian/honbun/g19005003.htm,衆法,190,3,国及び地方公共団体の責任ある財政運営の確保を図るための財政の健全化の推進に関する法律案,前原　誠司君外三名,,／,,平成29年 9月28日／財務金融,／審査未了,／,,,,,／,,／,／,／,／
衆法の一覧,,190,4,領域等の警備に関する法律案,未了,経過,https://www.shugiin.go.jp/internet/itdb_gian.nsf/html/gian/keika/1DC4A36.htm,本文,https://www.shugiin.go.jp/internet/itdb_gian.nsf/html/gian/honbun/g19005004.htm,衆法,190,4,領域等の警備に関する法律案,大島　敦君外十一名,,／,,平成29年 9月28日／安全保障,／審査未了,／,,,,,／,,／,／,／,／
衆法の一覧,,190,5,周辺事態に際して我が国の平和及び安全を確保するための措置に関する法律及び周辺事態に際して実施する船舶検査活動に関する法律の一部を改正する法律案,未了,経過,https://www.shugiin.go.jp/internet/itdb_gian.nsf/html/gian/keika/1DC4A32.htm,本文,https://www.shugiin.go.jp/internet/itdb_gian.nsf/html/gian/honbun/g19005005.htm,衆法,190,5,周辺事態に際して我が国の平和及び安全を確保するための措置に関する法律及び周辺事態に際して実施する船舶検査活動に関する法律の一部を改正する法律案,大島　敦君外十一名,,／,,平成29年 9月28日／安全保障,／審査未了,／,,,,,／,,／,／,／,／
衆法の一覧,,190,6,国際連合平和維持活動等に対する協力に関する法律の一部を改正する法律案,未了,経過,https://www.shugiin.go.jp/internet/itdb_gian.nsf/html/gian/keika/1DC4A2E.htm,本文,https://www.shugiin.go.jp/internet/itdb_gian.nsf/html/gian/honbun/g19005006.htm,衆法,190,6,国際連合平和維持活動等に対する協力に関する法律の一部を改正する法律案,大島　敦君外十一名,,／,,平成29年 9月28日／安全保障,／審査未了,／,,,,,／,,／,／,／,／
衆法の一覧,,190,7,我が国及び国際社会の平和及び安全の確保に資するための自衛隊法等の一部を改正する法律を廃止する法律案,未了,経過,https://www.shugiin.go.jp/internet/itdb_gian.nsf/html/gian/keika/1DC4A2A.htm,本文,https://www.shugiin.go.jp/internet/itdb_gian.nsf/html/gian/honbun/g19005007.htm,衆法,190,7,我が国及び国際社会の平和及び安全の確保に資するための自衛隊法等の一部を改正する法律を廃止する法律案,高木　義明君外十六名,,／,,平成29年 9月28日／安全保障,／審査未了,／,,,,,／,,／,／,／,／
衆法の一覧,,190,8,国際平和共同対処事態に際して我が国が実施する諸外国の軍隊等に対する協力支援活動等に関する法律を廃止する法律案,未了,経過,https://www.shugiin.go.jp/internet/itdb_gian.nsf/html/gian/keika/1DC4A26.htm,本文,https://www.shugiin.go.jp/internet/itdb_gian.nsf/html/gian/honbun/g19005008.htm,衆法,190,8,国際平和共同対処事態に際して我が国が実施する諸外国の軍隊等に対する協力支援活動等に関する法律を廃止する法律案,高木　義明君外十六名,,／,,平成29年 9月28日／安全保障,／審査未了,／,,,,,／,,／,／,／,／
衆法の一覧,,190,11,中小企業正規労働者雇入臨時助成金の支給に関する法律案,未了,経過,https://www.shugiin.go.jp/internet/itdb_gian.nsf/html/gian/keika/1DC4A7A.htm,本文,https://www.shugiin.go.jp/internet/itdb_gian.nsf/html/gian/honbun/g19005011.htm,衆法,190,11,中小企業正規労働者雇入臨時助成金の支給に関する法律案,中根　康浩君外六名,,／,,平成29年 9月28日／経済産業,／審査未了,／,,,,,／,,／,／,／,／
衆法の一覧,,190,13,国家公務員法等の一部を改正する法律案,未了,経過,https://www.shugiin.go.jp/internet/itdb_gian.nsf/html/gian/keika/1DC495A.htm,本文,https://www.shugiin.go.jp/internet/itdb_gian.nsf/html/gian/honbun/g19005013.htm,衆法,190,13,国家公務員法等の一部を改正する法律案,大島　敦君外十六名,,／,,平成29年 9月28日／内閣,／審査未了,／,,,,,／,,／,／,／,／
衆法の一覧,,190,14,国家公務員の労働関係に関する法律案,未了,経過,https://www.shugiin.go.jp/internet/itdb_gian.nsf/html/gian/keika/1DC495E.htm,本文,https://www.shugiin.go.jp/internet/itdb_gian.nsf/html/gian/honbun/g19005014.htm,衆法,190,14,国家公務員の労働関係に関する法律案,大島　敦君外十六名,,／,,平成29年 9月28日／内閣,／審査未了,／,,,,,／,,／,／,／,／
衆法の一覧,,190,15,公務員庁設置法案,未了,経過,https://www.shugiin.go.jp/internet/itdb_gian.nsf/html/gian/keika/1DC4962.htm,本文,https://www.shugiin.go.jp/internet/itdb_gian.nsf/html/gian/honbun/g19005015.htm,衆法,190,15,公務員庁設置法案,大島　敦君外十六名,,／,,平成29年 9月28日／内閣,／審査未了,／,,,,,／,,／,／,／,／
衆法の一覧,,190,22,保育等従業者の人材確保等に関する特別措置法案,未了,経過,https://www.shugiin.go.jp/internet/itdb_gian.nsf/html/gian/keika/1DC4B96.htm,本文,https://www.shugiin.go.jp/internet/itdb_gian.nsf/html/gian/honbun/g19005022.htm,衆法,190,22,保育等従業者の人材確保等に関する特別措置法案,山尾　志桜里君外七名,,／,,平成29年 9月28日／厚生労働,／審査未了,／,,,,,／,,／,／,／,／
衆法の一覧,,190,23,政官接触記録の作成等に関する法律案,未了,経過,https://www.shugiin.go.jp/internet/itdb_gian.nsf/html/gian/keika/1DC4966.htm,本文,https://www.shugiin.go.jp/internet/itdb_gian.nsf/html/gian/honbun/g19005023.htm,衆法,190,23,政官接触記録の作成等に関する法律案,大島　敦君外七名,,／,,平成29年 9月28日／内閣,／審査未了,／,,,,,／,,／,／,／,／
衆法の一覧,,190,30,分散型エネルギー利用の促進に関する法律案,未了,経過,https://www.shugiin.go.jp/internet/itdb_gian.nsf/html/gian/keika/1DC4A76.htm,本文,https://www.shugiin.go.jp/internet/itdb_gian.nsf/html/gian/honbun/g19005030.htm,衆法,190,30,分散型エネルギー利用の促進に関する法律案,奥野　総一郎君外三名,,／,,平成29年 9月28日／経済産業,／審査未了,／,,,,,／,,／,／,／,／
衆法の一覧,,190,31,熱についてエネルギー源としての再生可能エネルギー源及び廃熱の利用を促進する等のためのエネルギーの使用の合理化等に関する法律等の一部を改正する法律案,未了,経過,https://www.shugiin.go.jp/internet/itdb_gian.nsf/html/gian/keika/1DC4A72.htm,本文,https://www.shugiin.go.jp/internet/itdb_gian.nsf/html/gian/honbun/g19005031.htm,衆法,190,31,熱についてエネルギー源としての再生可能エネルギー源及び廃熱の利用を促進する等のためのエネルギーの使用の合理化等に関する法律等の一部を改正する法律案,田島　一成君外三名,,／,,平成29年 9月28日／経済産業,／審査未了,／,,,,,／,,／,／,／,／
衆法の一覧,,190,32,国等によるその設置する施設の省エネルギー・再生可能エネルギー源利用改修の実施等に関する法律案,未了,経過,https://www.shugiin.go.jp/internet/itdb_gian.nsf/html/gian/keika/1DC4A6E.htm,本文,https://www.shugiin.go.jp/internet/itdb_gian.nsf/html/gian/honbun/g19005032.htm,衆法,190,32,国等によるその設置する施設の省エネルギー・再生可能エネルギー源利用改修の実施等に関する法律案,中根　康浩君外三名,,／,,平成29年 9月28日／経済産業,／審査未了,／,,,,,／,,／,／,／,／
衆法の一覧,,190,33,エネルギー協同組合法案,未了,経過,https://www.shugiin.go.jp/internet/itdb_gian.nsf/html/gian/keika/1DC4A6A.htm,本文,https://www.shugiin.go.jp/internet/itdb_gian.nsf/html/gian/honbun/g19005033.htm,衆法,190,33,エネルギー協同組合法案,福島　伸享君外三名,,／,,平成29年 9月28日／経済産業,／審査未了,／,,,,,／,,／,／,／,／
衆法の一覧,,190,37,民法の一部を改正する法律案,未了,経過,https://www.shugiin.go.jp/internet/itdb_gian.nsf/html/gian/keika/1DC4AEE.htm,本文,https://www.shugiin.go.jp/internet/itdb_gian.nsf/html/gian/honbun/g19005037.htm,衆法,190,37,民法の一部を改正する法律案,井出　庸生君外七名,,／,,平成29年 9月28日／法務,／審査未了,／,,,,,／,,／,／,／,／
衆法の一覧,,190,38,性暴力被害者の支援に関する法律案,未了,経過,https://www.shugiin.go.jp/internet/itdb_gian.nsf/html/gian/keika/1DC496A.htm,本文,https://www.shugiin.go.jp/internet/itdb_gian.nsf/html/gian/honbun/g19005038.htm,衆法,190,38,性暴力被害者の支援に関する法律案,阿部　知子君外六名,,／,,平成29年 9月28日／内閣,／審査未了,／,,,,,／,,／,／,／,／
衆法の一覧,,190,39,被災者生活再建支援法の一部を改正する法律案,未了,経過,https://www.shugiin.go.jp/internet/itdb_gian.nsf/html/gian/keika/1DC499E.htm,本文,https://www.shugiin.go.jp/internet/itdb_gian.nsf/html/gian/honbun/g19005039.htm,衆法,190,39,被災者生活再建支援法の一部を改正する法律案,野田　佳彦君外八名,,／,,／,／,／,,,,,／,,／,／,／,／
衆法の一覧,,190,40,災害弔慰金の支給等に関する法律の一部を改正する法律案,未了,経過,https://www.shugiin.go.jp/internet/itdb_gian.nsf/html/gian/keika/1DC49D2.htm,本文,https://www.shugiin.go.jp/internet/itdb_gian.nsf/html/gian/honbun/g19005040.htm,衆法,190,40,災害弔慰金の支給等に関する法律の一部を改正する法律案,野田　佳彦君外四名,,／,,／,／,／,,,,,／,,／,／,／,／
衆法の一覧,,190,41,東日本大震災復興特別区域法の一部を改正する法律案,未了,経過,https://www.shugiin.go.jp/internet/itdb_gian.nsf/html/gian/keika/1DC49CE.htm,本文,https://www.shugiin.go.jp/internet/itdb_gian.nsf/html/gian/honbun/g19005041.htm,衆法,190,41,東日本大震災復興特別区域法の一部を改正する法律案,野田　佳彦君外四名,,／,,／,／,／,,,,,／,,／,／,／,／
衆法の一覧,,190,42,東日本大震災からの復興の推進のための相続に係る移転促進区域内の土地等の処分の円滑化に関する法律案,未了,経過,https://www.shugiin.go.jp/internet/itdb_gian.nsf/html/gian/keika/1DC49CA.htm,本文,https://www.shugiin.go.jp/internet/itdb_gian.nsf/html/gian/honbun/g19005042.htm,衆法,190,42,東日本大震災からの復興の推進のための相続に係る移転促進区域内の土地等の処分の円滑化に関する法律案,野田　佳彦君外四名,,／,,／,／,／,,,,,／,,／,／,／,／
衆法の一覧,,190,50,幼児教育振興法案,未了,経過,https://www.shugiin.go.jp/internet/itdb_gian.nsf/html/gian/keika/1DC4B7A.htm,本文,https://www.shugiin.go.jp/internet/itdb_gian.nsf/html/gian/honbun/g19005050.htm,衆法,190,50,幼児教育振興法案,河村　建夫君外四名,,／,,平成29年 9月28日／文部科学,／審査未了,／,,,,,／,,／,／,／,／
衆法の一覧,,190,54,行政機関の保有する情報の公開に関する法律等の一部を改正する法律案,未了,経過,https://www.shugiin.go.jp/internet/itdb_gian.nsf/html/gian/keika/1DC4ABA.htm,本文,https://www.shugiin.go.jp/internet/itdb_gian.nsf/html/gian/honbun/g19005054.htm,衆法,190,54,行政機関の保有する情報の公開に関する法律等の一部を改正する法律案,階　猛君外五名,,／,,平成29年 9月28日／総務,／審査未了,／,,,,,／,,／,／,／,／
衆法の一覧,,190,57,性的指向又は性自認を理由とする差別の解消等の推進に関する法律案,未了,経過,https://www.shugiin.go.jp/internet/itdb_gian.nsf/html/gian/keika/1DC4AE6.htm,本文,https://www.shugiin.go.jp/internet/itdb_gian.nsf/html/gian/honbun/g19005057.htm,衆法,190,57,性的指向又は性自認を理由とする差別の解消等の推進に関する法律案,西村　智奈美君外六名,,／,,平成29年 9月28日／法務,／審査未了,／,,,,,／,,／,／,／,／
衆法の一覧,,190,58,官民連携事業の推進に関する法律案,未了,経過,https://www.shugiin.go.jp/internet/itdb_gian.nsf/html/gian/keika/1DC4A62.htm,本文,https://www.shugiin.go.jp/internet/itdb_gian.nsf/html/gian/honbun/g19005058.htm,衆法,190,58,官民連携事業の推進に関する法律案,佐田　玄一郎君外四名,,／,,平成29年 9月28日／国土交通,／審査未了,／,,,,,／,,／,／,／,／
衆法の一覧,,190,59,チーム学校運営の推進等に関する法律案,未了,経過,https://www.shugiin.go.jp/internet/itdb_gian.nsf/html/gian/keika/1DC4BAE.htm,本文,https://www.shugiin.go.jp/internet/itdb_gian.nsf/html/gian/honbun/g19005059.htm,衆法,190,59,チーム学校運営の推進等に関する法律案,福井　照君外四名,,／,,平成29年 9月28日／文部科学,／審査未了,／,,,,,／,,／,／,／,／
衆法の一覧,,190,60,政治分野における男女共同参画の推進に関する法律案,未了,経過,https://www.shugiin.go.jp/internet/itdb_gian.nsf/html/gian/keika/1DC496E.htm,本文,https://www.shugiin.go.jp/internet/itdb_gian.nsf/html/gian/honbun/g19005060.htm,衆法,190,60,政治分野における男女共同参画の推進に関する法律案,中川　正春君外十名,,／,,平成29年 9月28日／内閣,／審査未了,／,,,,,／,,／,／,／,／
衆法の一覧,,190,61,公職選挙法の一部を改正する法律案,未了,経過,https://www.shugiin.go.jp/internet/itdb_gian.nsf/html/gian/keika/1DC49D6.htm,本文,https://www.shugiin.go.jp/internet/itdb_gian.nsf/html/gian/honbun/g19005061.htm,衆法,190,61,公職選挙法の一部を改正する法律案,逢坂　誠二君外六名,,／,,／,／,／,,,,,／,,／,／,／,／
衆法の一覧,,192,4,労働基準法の一部を改正する法律案,未了,経過,https://www.shugiin.go.jp/internet/itdb_gian.nsf/html/gian/keika/1DC4B9A.htm,本文,https://www.shugiin.go.jp/internet/itdb_gian.nsf/html/gian/honbun/g19205004.htm,衆法,192,4,労働基準法の一部を改正する法律案,井坂　信彦君外十三名,,／,,平成29年 9月28日／厚生労働,／審査未了,／,,,,,／,,／,／,／,／
衆法の一覧,,192,5,第一線救急救命処置体制の整備に関する法律案,未了,経過,https://www.shugiin.go.jp/internet/itdb_gian.nsf/html/gian/keika/1DC4A3A.htm,本文,https://www.shugiin.go.jp/internet/itdb_gian.nsf/html/gian/honbun/g19205005.htm,衆法,192,5,第一線救急救命処置体制の整備に関する法律案,青柳　陽一郎君外六名,,／,,平成29年 9月28日／安全保障,／審査未了,／,,,,,／,,／,／,／,／
衆法の一覧,,192,7,公職選挙法及び地方自治法の一部を改正する法律案,未了,経過,https://www.shugiin.go.jp/internet/itdb_gian.nsf/html/gian/keika/1DC49E2.htm,本文,https://www.shugiin.go.jp/internet/itdb_gian.nsf/html/gian/honbun/g19205007.htm,衆法,192,7,公職選挙法及び地方自治法の一部を改正する法律案,奥野　総一郎君外五名,,／,,／,／,／,,,,,／,,／,／,／,／
衆法の一覧,,192,12,政治分野における男女共同参画の推進に関する法律案,未了,経過,https://www.shugiin.go.jp/internet/itdb_gian.nsf/html/gian/keika/1DC4BCE.htm,本文,https://www.shugiin.go.jp/internet/itdb_gian.nsf/html/gian/honbun/g19205012.htm,衆法,192,12,政治分野における男女共同参画の推進に関する法律案,土屋　品子君外五名,,／,,平成29年 9月28日／内閣,／審査未了,／,,,,,／,,／,／,／,／
衆法の一覧,,193,1,畜産物の価格安定に関する法律及び独立行政法人農畜産業振興機構法の一部を改正する法律案,未了,経過,https://www.shugiin.go.jp/internet/itdb_gian.nsf/html/gian/keika/1DC4A9A.htm,本文,https://www.shugiin.go.jp/internet/itdb_gian.nsf/html/gian/honbun/g19305001.htm,衆法,193,1,畜産物の価格安定に関する法律及び独立行政法人農畜産業振興機構法の一部を改正する法律案,岸本　周平君外十二名,,／,,平成29年 9月28日／農林水産,／審査未了,／,,,,,／,,／,／,／,／
衆法の一覧,,193,2,格差是正及び経済成長のために講ずべき給付付き税額控除の導入その他の税制上の措置に関する法律案,未了,経過,https://www.shugiin.go.jp/internet/itdb_gian.nsf/html/gian/keika/1DC4B42.htm,本文,https://www.shugiin.go.jp/internet/itdb_gian.nsf/html/gian/honbun/g19305002.htm,衆法,193,2,格差是正及び経済成長のために講ずべき給付付き税額控除の導入その他の税制上の措置に関する法律案,古川　元久君外三名,,／,,平成29年 9月28日／財務金融,／審査未了,／,,,,,／,,／,／,／,／
衆法の一覧,,193,10,砂糖及びでん粉の価格調整に関する法律等の一部を改正する法律案,未了,経過,https://www.shugiin.go.jp/internet/itdb_gian.nsf/html/gian/keika/1DC4A9E.htm,本文,https://www.shugiin.go.jp/internet/itdb_gian.nsf/html/gian/honbun/g19305010.htm,衆法,193,10,砂糖及びでん粉の価格調整に関する法律等の一部を改正する法律案,岸本　周平君外十一名,,／,,平成29年 9月28日／農林水産,／審査未了,／,,,,,／,,／,／,／,／
衆法の一覧,,193,11,国家公務員法の一部を改正する法律案,未了,経過,https://www.shugiin.go.jp/internet/itdb_gian.nsf/html/gian/keika/1DC4976.htm,本文,https://www.shugiin.go.jp/internet/itdb_gian.nsf/html/gian/honbun/g19305011.htm,衆法,193,11,国家公務員法の一部を改正する法律案,神山　洋介君外四名,,／,,平成29年 9月28日／内閣,／審査未了,／,,,,,／,,／,／,／,／
衆法の一覧,,193,12,電波法の一部を改正する法律案,未了,経過,https://www.shugiin.go.jp/internet/itdb_gian.nsf/html/gian/keika/1DC4AAE.htm,本文,https://www.shugiin.go.jp/internet/itdb_gian.nsf/html/gian/honbun/g19305012.htm,衆法,193,12,電波法の一部を改正する法律案,武正　公一君外三名,,／,,平成29年 9月28日／総務,／審査未了,／,,,,,／,,／,／,／,／
衆法の一覧,,193,13,通信・放送委員会設置法案,未了,経過,https://www.shugiin.go.jp/internet/itdb_gian.nsf/html/gian/keika/1DC4AB2.htm,本文,https://www.shugiin.go.jp/internet/itdb_gian.nsf/html/gian/honbun/g19305013.htm,衆法,193,13,通信・放送委員会設置法案,武正　公一君外三名,,／,,平成29年 9月28日／総務,／審査未了,／,,,,,／,,／,／,／,／
衆法の一覧,,193,15,政治資金規正法及び租税特別措置法の一部を改正する法律案,未了,経過,https://www.shugiin.go.jp/internet/itdb_gian.nsf/html/gian/keika/1DC49EA.htm,本文,https://www.shugiin.go.jp/internet/itdb_gian.nsf/html/gian/honbun/g19305015.htm,衆法,193,15,政治資金規正法及び租税特別措置法の一部を改正する法律案,岡田　克也君外二名,,／,,／,／,／,,,,,／,,／,／,／,／
衆法の一覧,,193,16,航空機強取等防止措置に係る体制の強化のための施策の推進に関する法律案,未了,経過,https://www.shugiin.go.jp/internet/itdb_gian.nsf/html/gian/keika/1DC4A5A.htm,本文,https://www.shugiin.go.jp/internet/itdb_gian.nsf/html/gian/honbun/g19305016.htm,衆法,193,16,航空機強取等防止措置に係る体制の強化のための施策の推進に関する法律案,高木　義明君外八名,,／,,平成29年 9月28日／国土交通,／審査未了,／,,,,,／,,／,／,／,／
衆法の一覧,,193,17,組織的な犯罪の処罰及び犯罪収益の規制等に関する法律の一部を改正する法律案,未了,経過,https://www.shugiin.go.jp/internet/itdb_gian.nsf/html/gian/keika/1DC4B0E.htm,本文,https://www.shugiin.go.jp/internet/itdb_gian.nsf/html/gian/honbun/g19305017.htm,衆法,193,17,組織的な犯罪の処罰及び犯罪収益の規制等に関する法律の一部を改正する法律案,階　猛君外二名,,／,,平成29年 9月28日／法務,／審査未了,／,,,,,／,,／,／,／,／
衆法の一覧,,193,22,政治資金規正法の一部を改正する法律案,未了,経過,https://www.shugiin.go.jp/internet/itdb_gian.nsf/html/gian/keika/1DC49EE.htm,本文,https://www.shugiin.go.jp/internet/itdb_gian.nsf/html/gian/honbun/g19305022.htm,衆法,193,22,政治資金規正法の一部を改正する法律案,奥野　総一郎君外四名,,／,,／,／,／,,,,,／,,／,／,／,／
衆法の一覧,,193,23,公文書等の管理に関する法律の一部を改正する法律案,未了,経過,https://www.shugiin.go.jp/internet/itdb_gian.nsf/html/gian/keika/1DC497A.htm,本文,https://www.shugiin.go.jp/internet/itdb_gian.nsf/html/gian/honbun/g19305023.htm,衆法,193,23,公文書等の管理に関する法律の一部を改正する法律案,今井　雅人君外八名,,／,,平成29年 9月28日／内閣,／審査未了,／,,,,,／,,／,／,／,／
衆法の一覧,,193,24,ギャンブル等依存症対策基本法案,未了,経過,https://www.shugiin.go.jp/internet/itdb_gian.nsf/html/gian/keika/1DC497E.htm,本文,https://www.shugiin.go.jp/internet/itdb_gian.nsf/html/gian/honbun/g19305024.htm,衆法,193,24,ギャンブル等依存症対策基本法案,中谷　元君外五名,,／,,平成29年 9月28日／内閣,／審査未了,／,,,,,／,,／,／,／,／
衆法の一覧,,193,25,教育に係る経済的負担の軽減を図るための学校教育の無償化等の推進に関する法律案,未了,経過,https://www.shugiin.go.jp/internet/itdb_gian.nsf/html/gian/keika/1DC4BD6.htm,本文,https://www.shugiin.go.jp/internet/itdb_gian.nsf/html/gian/honbun/g19305025.htm,衆法,193,25,教育に係る経済的負担の軽減を図るための学校教育の無償化等の推進に関する法律案,平野　博文君外四名,,／,,平成29年 9月28日／文部科学,／審査未了,／,,,,,／,,／,／,／,／
衆法の一覧,,193,26,ギャンブル依存症対策基本法案,未了,経過,https://www.shugiin.go.jp/internet/itdb_gian.nsf/html/gian/keika/1DC4982.htm,本文,https://www.shugiin.go.jp/internet/itdb_gian.nsf/html/gian/honbun/g19305026.htm,衆法,193,26,ギャンブル依存症対策基本法案,長妻　昭君外八名,,／,,平成29年 9月28日／内閣,／審査未了,／,,,,,／,,／,／,／,／
閣法の一覧,,189,69,労働基準法等の一部を改正する法律案,未了,経過,https://www.shugiin.go.jp/internet/itdb_gian.nsf/html/gian/keika/1DC4BBA.htm,本文,https://www.shugiin.go.jp/internet/itdb_gian.nsf/html/gian/honbun/g18909069.htm,閣法,189,69,労働基準法等の一部を改正する法律案,内閣,,／,,平成29年 9月28日／厚生労働,／審査未了,／,,,,,／,,／,／,／,／
閣法の一覧,,190,33,人事訴訟法等の一部を改正する法律案,未了,経過,https://www.shugiin.go.jp/internet/itdb_gian.nsf/html/gian/keika/1DC4B22.htm,本文,https://www.shugiin.go.jp/internet/itdb_gian.nsf/html/gian/honbun/g19009033.htm,閣法,190,33,人事訴訟法等の一部を改正する法律案,内閣,,／,,平成29年 9月28日／法務,／審査未了,／,,,,,／,,／,／,／,／
閣法の一覧,,192,16,商法及び国際海上物品運送法の一部を改正する法律案,未了,経過,https://www.shugiin.go.jp/internet/itdb_gian.nsf/html/gian/keika/1DC4B2A.htm,本文,https://www.shugiin.go.jp/internet/itdb_gian.nsf/html/gian/honbun/g19209016.htm,閣法,192,16,商法及び国際海上物品運送法の一部を改正する法律案,内閣,,／,,平成29年 9月28日／法務,／審査未了,／,,,,,／,,／,／,／,／
閣法の一覧,,193,34,精神保健及び精神障害者福祉に関する法律の一部を改正する法律案,未了,経過,https://www.shugiin.go.jp/internet/itdb_gian.nsf/html/gian/keika/1DC4BBE.htm,本文及び修正案,https://www.shugiin.go.jp/internet/itdb_gian.nsf/html/gian/honbun/g19309034.htm,閣法,193,34,精神保健及び精神障害者福祉に関する法律の一部を改正する法律案,内閣,,／,,平成29年 9月28日／厚生労働,／審査未了,／,,,,,／,,／,／,／,／
閣法の一覧,,193,49,水道法の一部を改正する法律案,未了,経過,https://www.shugiin.go.jp/internet/itdb_gian.nsf/html/gian/keika/1DC4BC2.htm,本文,https://www.shugiin.go.jp/internet/itdb_gian.nsf/html/gian/honbun/g19309049.htm,閣法,193,49,水道法の一部を改正する法律案,内閣,,／,,平成29年 9月28日／厚生労働,／審査未了,／,,,,,／,,／,／,／,／
閣法の一覧,,193,50,旅館業法の一部を改正する法律案,未了,経過,https://www.shugiin.go.jp/internet/itdb_gian.nsf/html/gian/keika/1DC4BC6.htm,本文,https://www.shugiin.go.jp/internet/itdb_gian.nsf/html/gian/honbun/g19309050.htm,閣法,193,50,旅館業法の一部を改正する法律案,内閣,,／,,平成29年 9月28日／厚生労働,／審査未了,／,,,,,／,,／,／,／,／
承諾の一覧,,193,,平成二十八年度一般会計熊本地震復旧等予備費使用総調書及び各省各庁所管使用調書（その１）,未了,経過,https://www.shugiin.go.jp/internet/itdb_gian.nsf/html/gian/keika/1DC4A3E.htm,,,承諾,193,,平成二十八年度一般会計熊本地震復旧等予備費使用総調書及び各省各庁所管使用調書（その１）,内閣,,／,,平成29年 9月28日／決算行政監視,／審査未了,／,,,,,／,,／,／,／,／
承諾の一覧,,193,,平成二十八年度一般会計予備費使用総調書及び各省各庁所管使用調書（その１）,未了,経過,https://www.shugiin.go.jp/internet/itdb_gian.nsf/html/gian/keika/1DC4A42.htm,,,承諾,193,,平成二十八年度一般会計予備費使用総調書及び各省各庁所管使用調書（その１）,内閣,,／,,平成29年 9月28日／決算行政監視,／審査未了,／,,,,,／,,／,／,／,／
承諾の一覧,,193,,平成二十八年度一般会計予備費使用総調書及び各省各庁所管使用調書（その２）,未了,経過,https://www.shugiin.go.jp/internet/itdb_gian.nsf/html/gian/keika/1DC4A46.htm,,,承諾,193,,平成二十八年度一般会計予備費使用総調書及び各省各庁所管使用調書（その２）,内閣,,／,,平成29年 9月28日／決算行政監視,／審査未了,／,,,,,／,,／,／,／,／
承諾の一覧,,193,,平成二十八年度特別会計予算総則第二十条第一項の規定による経費増額総調書及び各省各庁所管経費増額調書,未了,経過,https://www.shugiin.go.jp/internet/itdb_gian.nsf/html/gian/keika/1DC4A4A.htm,,,承諾,193,,平成二十八年度特別会計予算総則第二十条第一項の規定による経費増額総調書及び各省各庁所管経費増額調書,内閣,,／,,平成29年 9月28日／決算行政監視,／審査未了,／,,,,,／,,／,／,／,／
決算その他,ＮＨＫ決算,185,,日本放送協会平成二十四年度財産目録、貸借対照表、損益計算書、資本等変動計算書及びキャッシュ・フロー計算書,未了,経過,https://www.shugiin.go.jp/internet/itdb_gian.nsf/html/gian/keika/1DC4B56.htm,,,ＮＨＫ決算,185,,日本放送協会平成二十四年度財産目録、貸借対照表、損益計算書、資本等変動計算書及びキャッシュ・フロー計算書,内閣,,／,,平成29年 9月28日／総務,／審査未了,／,,,,,／,,／,／,／,／
決算その他,ＮＨＫ決算,187,,日本放送協会平成二十五年度財産目録、貸借対照表、損益計算書、資本等変動計算書及びキャッシュ・フロー計算書,未了,経過,https://www.shugiin.go.jp/internet/itdb_gian.nsf/html/gian/keika/1DC4B5A.htm,,,ＮＨＫ決算,187,,日本放送協会平成二十五年度財産目録、貸借対照表、損益計算書、資本等変動計算書及びキャッシュ・フロー計算書,内閣,,／,,平成29年 9月28日／総務,／審査未了,／,,,,,／,,／,／,／,／
決算その他,ＮＨＫ決算,190,,日本放送協会平成二十六年度財産目録、貸借対照表、損益計算書、資本等変動計算書及びキャッシュ・フロー計算書,未了,経過,https://www.shugiin.go.jp/internet/itdb_gian.nsf/html/gian/keika/1DC4B5E.htm,,,ＮＨＫ決算,190,,日本放送協会平成二十六年度財産目録、貸借対照表、損益計算書、資本等変動計算書及びキャッシュ・フロー計算書,内閣,,／,,平成29年 9月28日／総務,／審査未了,／,,,,,／,,／,／,／,／
決算その他,ＮＨＫ決算,192,,日本放送協会平成二十七年度財産目録、貸借対照表、損益計算書、資本等変動計算書及びキャッシュ・フロー計算書,未了,経過,https://www.shugiin.go.jp/internet/itdb_gian.nsf/html/gian/keika/1DC4B62.htm,,,ＮＨＫ決算,192,,日本放送協会平成二十七年度財産目録、貸借対照表、損益計算書、資本等変動計算書及びキャッシュ・フロー計算書,内閣,,／,,平成29年 9月28日／総務,／審査未了,／,,,,,／,,／,／,／,／
